{
  "MODE": "virtual",
  "PATH": "10.108.145.74/3",
  "N_PUMPS": 8,
  "VARIABLE_SPEED_PUMPS": [0, 1, 6, 7],
  "SAMPLE_TIME": 20,
  "TANK_AREA": 4000,
  "OPTIMAL_FLOW": [4046.52647587, 4024.71437034, 0.1, 0.1, 0.1, 0.1, 3345.36067203, 3554.37822947],
  "MIN_FLOW": [1380.72981948, 1686.83914889, 4467.99808292, 4083.28252022, 4576.20770712, 4788.78044303, 1417.06956967, 1115.59601169],
  "MAX_FLOW": [5506.95836879, 5424.46582333, 4467.99808292, 4083.28252022, 4576.20770712, 4788.78044303, 5045.86757877, 5050.0649114],
  "MODELS_ADDRESS": "./models/",
  "DATA_ADDRESS": "./data/",

  "WATER_LEVEL_LIMITS": [0, 10],
  "SPEED_LIMITS": [38, 50],
  "MAX_SATURATION_TIME": 300,
  "MAX_CUM_TIME_DIFF": 86400,
  "MIN_SWITCH_TIME_INTERVAL": 3600,

  "SQLITE_FILE_NAME": "database.db"
}
